molecule,k_linear,I2_linear,tau2_linear,beta_linear,p_linear,stars_linear,dir_linear,spline_model,df_spline,k_spline,I2_spline,tau2_spline,QM_spline,p_spline,stars_spline,sig_linear,sig_spline,robustness
LSD,149,22.757857074571916,0.31889826961903406,0.004343403177007402,7.49301419986991e-4,***,positive,spline_df3,3,149,19.839318969756416,0.3135549662584238,16.636238235254964,8.395224454178264e-4,***,TRUE,TRUE,both_significant
MDMA,213,19.570235134035453,0.2973789326838531,0.011474394516842363,0.0014377589211496756,**,positive,spline_df3,3,213,14.163302055573096,0.2537663637988556,24.563544346424173,1.9049719016569994e-5,***,TRUE,TRUE,both_significant
PSILOCYBIN,166,59.10826466843409,2.2718369574213493,-0.06776893106075263,1.06426843571122e-5,***,negative,spline_df3,3,166,51.9833016779804,1.6858446552788784,49.70218882980093,9.24534135961548e-11,***,TRUE,TRUE,both_significant
