molecule,model,df_spline,k,QM,QMp,I2,beta,pval
LSD,spline,3,108,14.452448634461506,0.0023497221574069705,0,NA,0.0023497221574069705
