molecule,beta_dose.session,beta_dose.follow_up,ci_lb.session,ci_lb.follow_up,ci_ub.session,ci_ub.follow_up,p_dose.session,p_dose.follow_up,stars.session,stars.follow_up,k.session,k.follow_up,I2.session,I2.follow_up,tau2.session,tau2.follow_up
AYAHUASCA,NA,NA,-0.9752489123357362,NA,0.37942471713702425,NA,NA,NA,,NA,16,NA,48.602450331232575,NA,0.9044335448814584,NA
LSD,0.004343736711343536,-0.005117316103955879,0.0018181231449524737,-0.009743932062323778,0.006869350277734599,-4.907001455879802e-4,NA,NA,,,149,108,27.047189539201668,0,0.31890718553280756,0
MDMA,0.01393036110043048,-0.006880226365439624,5.678691802065098e-4,-0.025057607199960336,0.02729285302065445,0.01129715446908109,NA,NA,,,194,58,26.90584487259989,3.932686378699415e-5,0.3644127824611578,4.677636312700141e-7
PSILOCYBIN,-0.06763027754325711,NA,-0.09882594816546064,NA,-0.03643460692105357,NA,NA,NA,,NA,166,NA,57.84557720132186,NA,2.2977884777621607,NA
