molecule,time_window,k,beta_dose,se_dose,z_dose,p_dose,ci_lb,ci_ub,I2,tau2,stars
AYAHUASCA,session,16,NA,NA,NA,NA,-0.9752489123357362,0.37942471713702425,48.602450331232575,0.9044335448814584,
LSD,follow_up,108,-0.005117316103955879,NA,NA,NA,-0.009743932062323778,-4.907001455879802e-4,0,0,
LSD,session,149,0.004343736711343536,NA,NA,NA,0.0018181231449524737,0.006869350277734599,27.047189539201668,0.31890718553280756,
MDMA,follow_up,58,-0.006880226365439624,NA,NA,NA,-0.025057607199960336,0.01129715446908109,3.932686378699415e-5,4.677636312700141e-7,
MDMA,session,203,0.01740536557177704,NA,NA,NA,0.008839565525448739,0.025971165618105342,26.81233317328015,0.37444999489923153,
PSILOCYBIN,session,162,-0.06787818351407722,NA,NA,NA,-0.09940458679955219,-0.03635178022860224,58.790181388481464,2.36639258584859,
