molecule,beta_dose.session,beta_dose.follow_up,ci_lb.session,ci_lb.follow_up,ci_ub.session,ci_ub.follow_up,p_dose.session,p_dose.follow_up,stars.session,stars.follow_up,k.session,k.follow_up,I2.session,I2.follow_up,tau2.session,tau2.follow_up
AYAHUASCA,NA,NA,-0.9752489123357362,NA,0.37942471713702425,NA,NA,NA,,NA,16,NA,48.602450331232575,NA,0.9044335448814584,NA
LSD,0.004343736711343536,-0.005117316103955879,0.0018181231449524737,-0.009743932062323778,0.006869350277734599,-4.907001455879802e-4,NA,NA,,,149,108,27.047189539201668,0,0.31890718553280756,0
MDMA,0.01740536557177704,-0.006880226365439624,0.008839565525448739,-0.025057607199960336,0.025971165618105342,0.01129715446908109,NA,NA,,,203,58,26.81233317328015,3.932686378699415e-5,0.37444999489923153,4.677636312700141e-7
PSILOCYBIN,-0.06787818351407722,NA,-0.09940458679955219,NA,-0.03635178022860224,NA,NA,NA,,NA,162,NA,58.790181388481464,NA,2.36639258584859,NA
