window,molecule,beta,p_slope,stars,k,I2,tau2,year_min,year_max,dose_min,dose_max
session,PSILOCYBIN,0.011882290454061795,0.1969341991534993,,218,64.06658610591562,1.3857887037732177,2016,2026,5,40
