molecule,ae_term,model,beta,pval,k,p_adj_bh_global,p_adj_bh_by_mol,sig_p05,sig_fdr_global05,sig_fdr_mol05
LSD,nausea,linear,0.01350573652859123,0.003174347621798376,5,0.11997345893128153,0.07935869054495939,TRUE,FALSE,FALSE
PSILOCYBIN,hypertension,linear,-0.2612097867651523,0.004066896912924798,4,0.11997345893128153,0.05286965986802237,TRUE,FALSE,FALSE
LSD,headache,linear,0.010680953033022246,0.011838960905262295,8,0.2328328978034918,0.14798701131577868,TRUE,FALSE,FALSE
MDMA,dizziness,linear,0.05470166434624642,0.024635894918026698,8,0.3633794500408938,0.41541286175644615,TRUE,FALSE,FALSE
MDMA,jaw tension,linear,0.0356771667098654,0.03956312969109011,11,0.46684493035486335,0.41541286175644615,TRUE,FALSE,FALSE
LSD,illusion,linear,0.010236782358698585,0.04935938119455929,4,0.4853672484131664,0.4113281766213275,TRUE,FALSE,FALSE
