molecule,k_total,QM,QMp,p_overall,stars
LSD,149,11.362790987128157,7.49301419986991e-4,7.49301419986991e-4,***
MDMA,194,6.954026982175577,1.6316650334163559e-4,1.6316650334163559e-4,***
PSILOCYBIN,166,19.39245236571125,9.245341359612807e-11,9.245341359612807e-11,***
