molecule,k_total,QM,QMp,p_overall,stars
LSD,149,11.36279098712816,7.493014199869901e-4,7.493014199869901e-4,***
MDMA,213,10.156723853371009,1.9049719016569994e-5,1.9049719016569994e-5,***
PSILOCYBIN,166,19.392452365711275,9.24534135961548e-11,9.24534135961548e-11,***
