molecule,model,df_spline,k,QM,QMp,I2,beta,pval
LSD,spline,3,137,10.75880533205992,0.013104228941411531,28.12774348231962,NA,0.013104228941411531
MDMA,spline,3,160,20.914020390280307,1.0969436202058573e-4,24.46215865113281,NA,1.0969436202058573e-4
PSILOCYBIN,spline,3,218,61.13453317720377,3.3637634516259804e-13,58.499919293014344,NA,3.3637634516259804e-13
