molecule,ae_term,model,df_spline,k,beta,pval,p_adj_bh_global,p_adj_bh_by_mol,sig_p05,sig_fdr_global05,sig_fdr_mol05
PSILOCYBIN,headache,linear,NA,11,0.05912587977379657,0.014381666159816522,0.48736905146539533,0.3163966555159635,TRUE,FALSE,FALSE
LSD,nausea,linear,NA,4,0.013096266854241315,0.015124797899462875,0.48736905146539533,0.29705944248024335,TRUE,FALSE,FALSE
LSD,headache,linear,NA,7,0.010011336419320959,0.02376475539841947,0.48736905146539533,0.29705944248024335,TRUE,FALSE,FALSE
MDMA,jaw tension,linear,NA,12,0.027188610629770918,0.03169619376920349,0.48736905146539533,0.48949602619696037,TRUE,FALSE,FALSE
PSILOCYBIN,nausea,linear,NA,10,0.05325589514563789,0.035835959666573186,0.48736905146539533,0.3941955563323051,TRUE,FALSE,FALSE
LSD,illusion,linear,NA,4,0.010236782358698585,0.04935938119455929,0.5594063202050054,0.4113281766213275,TRUE,FALSE,FALSE
