molecule,k_total,QM,QMp,p_overall,stars
MDMA,58,0.6665921693883723,0.0565136396041937,0.0565136396041937,
