ae_term,molecule,k_total,QM,QMp,p_overall,stars
anxiety,MDMA,4,4.2685682397770976e-5,0.9947871156966085,0.9947871156966085,
decreased concentration,MDMA,3,0.04123015107588418,0.8390943185600254,0.8390943185600254,
depression,MDMA,3,0.4575458971735239,0.49877314025168357,0.49877314025168357,
fatigue,MDMA,4,0.09471448777705287,0.7582670991858665,0.7582670991858665,
headache,MDMA,4,0.011303898748523953,0.9153286266908107,0.9153286266908107,
irritability,MDMA,3,0.5845186507744966,0.44454658466005226,0.44454658466005226,
lack of appetite,MDMA,4,1.6083672968520222,0.2047214617746915,0.2047214617746915,
muscle tension,MDMA,3,0.0845254794940456,0.7712557910703645,0.7712557910703645,
sleep disorder,MDMA,8,0.09015400544914606,0.5391371486469972,0.5391371486469972,
