molecule,model,df_spline,k,QM,QMp,I2,beta,pval
LSD,linear,NA,108,4.699522883063533,0.03017099185756451,0,-0.005117316103955881,0.03017099185756449
MDMA,linear,NA,58,0.5503500672423522,0.45817469213113005,3.932686384128134e-5,-0.006880226365440043,0.4581746921311301
PSILOCYBIN,linear,NA,30,0.00933211684347372,0.9230417675623248,35.52264166217332,0.0020553331649773403,0.9230417675623247
