molecule,model,term,estimate,ci_low,ci_high,z,pval,I2,tau2,k,QE,QM,QMp,significance
MDMA,linear,intrcpt,1.1922128215017826,NA,NA,1.7939161244481157,0.07282655738502893,0,2.462380273749932e-7,58,56.82433102316601,0.6665921693883723,0.4142422608794616,
MDMA,linear,dose_diff,-0.005332472451881325,NA,NA,-0.8164509595734286,0.4142422608794616,0,2.462380273749932e-7,58,56.82433102316601,0.6665921693883723,0.4142422608794616,
MDMA,spline_df3,intrcpt,0.9696525896997445,NA,NA,2.2124151506393246,0.026937992994279458,0,1.3348402200175193e-6,58,49.94989118866109,7.541025859341522,0.0565136396041937,*
MDMA,spline_df3,"ns(dose_diff, df = df_spline)1",-5.919775476476921,NA,NA,-2.7279798901881622,0.006372349269123597,0,1.3348402200175193e-6,58,49.94989118866109,7.541025859341522,0.0565136396041937,**
MDMA,spline_df3,"ns(dose_diff, df = df_spline)2",2.7201013785333137,NA,NA,1.7107040047239614,0.08713576805448117,0,1.3348402200175193e-6,58,49.94989118866109,7.541025859341522,0.0565136396041937,
MDMA,spline_df3,"ns(dose_diff, df = df_spline)3",-3.546185789865574,NA,NA,-2.5710505361822618,0.010139053034836691,0,1.3348402200175193e-6,58,49.94989118866109,7.541025859341522,0.0565136396041937,*
