change,n,percent
Lost at follow-up,2,66.66666666666667
Persistent,1,33.333333333333336
