molecule,k_total,QM,QMp,p_overall,stars
LSD,108,4.701382652081801,0.0023458377711466135,0.0023458377711466135,**
MDMA,58,0.6665921693883723,0.0565136396041937,0.0565136396041937,
