molecule,k_total,QM,QMp,p_overall,stars
LSD,108,4.701382652081818,0.002345837771146657,0.002345837771146657,**
MDMA,75,0.0026647608573598185,0.533601072356435,0.533601072356435,
