molecule,model,term,estimate,ci_low,ci_high,z,pval,I2,tau2,k,QE,QM,QMp,significance
LSD,linear,dose_diff,-0.005117316103955881,NA,NA,NA,0.03017099185756449,0,NA,108,NA,4.699522883063533,0.03017099185756451,*
MDMA,linear,dose_diff,-0.006880226365440043,NA,NA,NA,0.4581746921311301,3.932686384128134e-5,NA,58,NA,0.5503500672423522,0.45817469213113005,
PSILOCYBIN,linear,dose_diff,0.0020553331649773403,NA,NA,NA,0.9230417675623247,35.52264166217332,NA,30,NA,0.00933211684347372,0.9230417675623248,
LSD,spline_df3,dose_diff,NA,NA,NA,NA,0.0023497221574069844,0,NA,108,NA,14.452448634461494,0.0023497221574069844,**
