molecule,k_total,QM,QMp,p_overall,stars
LSD,163,4.797285027900018,1.8728845556456873e-7,1.8728845556456873e-7,***
MDMA,75,1.1132939716253016,0.29136703148761955,0.29136703148761955,
PSILOCYBIN,30,0.00933211684347372,0.9230417675623248,0.9230417675623248,
