molecule,k_total,QM,QMp,p_overall,stars
LSD,137,8.844654332297594,0.002939485648268415,0.002939485648268415,**
MDMA,160,15.975675965452025,6.416158747285869e-5,6.416158747285869e-5,***
PSILOCYBIN,218,1.664965680581996,3.3637634516259804e-13,3.3637634516259804e-13,***
