molecule,model,term,estimate,ci_low,ci_high,z,pval,I2,tau2,k,QE,QM,QMp,significance
LSD,linear,dose_diff,0.003981482345378718,NA,NA,NA,0.002939485648268419,28.733450998899755,NA,137,NA,8.844654332297594,0.002939485648268415,**
MDMA,linear,dose_diff,0.017837697348775928,NA,NA,NA,6.416158747285871e-5,25.040165377400672,NA,160,NA,15.975675965452025,6.416158747285869e-5,***
PSILOCYBIN,linear,dose_diff,0.011882290454061795,NA,NA,NA,0.1969341991534993,64.06658610591562,NA,218,NA,1.664965680581996,0.1969341991534993,
LSD,spline_df3,dose_diff,NA,NA,NA,NA,0.013104228941411531,28.12774348231962,NA,137,NA,10.75880533205992,0.013104228941411531,*
MDMA,spline_df3,dose_diff,NA,NA,NA,NA,1.0969436202058573e-4,24.46215865113281,NA,160,NA,20.914020390280307,1.0969436202058573e-4,***
PSILOCYBIN,spline_df3,dose_diff,NA,NA,NA,NA,3.3637634516259804e-13,58.499919293014344,NA,218,NA,61.13453317720377,3.3637634516259804e-13,***
